{
  "source": "STREAM-1D bootstrap (replace with HEC-RAS HDF) \u2014 simple_channel_ramp_rating_unsteady_linked",
  "coupling_mode": 0,
  "time_checkpoints_hr": [
    0.0,
    6.0,
    12.0,
    18.0,
    24.0,
    30.0,
    36.0,
    48.0
  ],
  "checkpoints": [
    {
      "rm": 3.0,
      "max_wsel_ft": 102.91899697252911,
      "wsel_ft_by_hour": {
        "0": 101.94747738696437,
        "6": 102.4669951285846,
        "12": 102.91592239407805,
        "18": 102.9189969390588,
        "24": 102.91899697252911,
        "30": 102.47510135974056,
        "36": 101.95244752851883,
        "48": 101.94744755076809
      }
    },
    {
      "rm": 2.0,
      "max_wsel_ft": 102.42999049613968,
      "wsel_ft_by_hour": {
        "0": 101.44284129793056,
        "6": 101.96411053448386,
        "12": 102.4242987653473,
        "18": 102.42999045420694,
        "24": 102.42999049613968,
        "30": 101.97755279681883,
        "36": 101.4508457920111,
        "48": 101.44279122191915
      }
    },
    {
      "rm": 1.0,
      "max_wsel_ft": 101.95089679750414,
      "wsel_ft_by_hour": {
        "0": 100.92956318014083,
        "6": 101.46143991594793,
        "12": 101.94291938141969,
        "18": 101.95089678777107,
        "24": 101.95089679750414,
        "30": 101.47951321498947,
        "36": 100.94001502951947,
        "48": 100.92953395843337
      }
    },
    {
      "rm": 0.0,
      "max_wsel_ft": 101.48999999999728,
      "wsel_ft_by_hour": {
        "0": 100.39007765413548,
        "6": 100.95971085575272,
        "12": 101.48096630582145,
        "18": 101.48999993006129,
        "24": 101.48999999999728,
        "30": 100.98001851783471,
        "36": 100.40148507840328,
        "48": 100.39000000000014
      }
    }
  ],
  "bootstrap": true,
  "notes": "Development placeholder until Plan 04/05 HDF capture."
}
