{
  "source": "HEC-RAS plan 01 WSEL timeseries (hours 0, 12, 24, 48) from simple_channel.p01.hdf",
  "coupling_mode": 0,
  "time_checkpoints_hr": [
    0.0,
    12.0,
    24.0,
    48.0
  ],
  "checkpoints": [
    {
      "rm": 3.0,
      "max_wsel_ft": 102.47016906738281,
      "wsel_ft_by_hour": {
        "0": 102.47053527832031,
        "12": 102.47016143798828,
        "24": 102.47016143798828,
        "48": 102.47016906738281
      }
    },
    {
      "rm": 2.0,
      "max_wsel_ft": 101.97016143798828,
      "wsel_ft_by_hour": {
        "0": 101.97052001953125,
        "12": 101.97016906738281,
        "24": 101.97016906738281,
        "48": 101.97016143798828
      }
    },
    {
      "rm": 1.0,
      "max_wsel_ft": 101.47016143798828,
      "wsel_ft_by_hour": {
        "0": 101.47050476074219,
        "12": 101.47016906738281,
        "24": 101.47016143798828,
        "48": 101.47016143798828
      }
    },
    {
      "rm": 0.0,
      "max_wsel_ft": 100.97016906738281,
      "wsel_ft_by_hour": {
        "0": 100.97038269042969,
        "12": 100.97016906738281,
        "24": 100.97016906738281,
        "48": 100.97016906738281
      }
    }
  ],
  "hdf_path": "verification/oracle/projects/simple_channel/simple_channel.p01.hdf"
}
