{
  "source": "HEC-RAS plan 03 WSEL timeseries (hours 0, 12, 24, 48) from simple_channel.p03.hdf",
  "coupling_mode": 0,
  "time_checkpoints_hr": [
    0.0,
    12.0,
    24.0,
    48.0
  ],
  "checkpoints": [
    {
      "rm": 3.0,
      "max_wsel_ft": 102.47014617919922,
      "wsel_ft_by_hour": {
        "0": 102.47049713134766,
        "12": 102.47015380859375,
        "24": 102.47014617919922,
        "48": 102.47014617919922
      }
    },
    {
      "rm": 2.0,
      "max_wsel_ft": 101.97013092041016,
      "wsel_ft_by_hour": {
        "0": 101.97045135498047,
        "12": 101.97013092041016,
        "24": 101.97013092041016,
        "48": 101.97013092041016
      }
    },
    {
      "rm": 1.0,
      "max_wsel_ft": 101.47008514404297,
      "wsel_ft_by_hour": {
        "0": 101.47039031982422,
        "12": 101.4700927734375,
        "24": 101.4700927734375,
        "48": 101.47008514404297
      }
    },
    {
      "rm": 0.0,
      "max_wsel_ft": 100.97000122070312,
      "wsel_ft_by_hour": {
        "0": 100.97000122070312,
        "12": 100.97000122070312,
        "24": 100.97000122070312,
        "48": 100.97000122070312
      }
    }
  ],
  "hdf_path": "verification/oracle/projects/simple_channel/simple_channel.p03.hdf"
}
