{
  "source": "HEC-RAS plan 04 WSEL timeseries (hours 0, 6, 12, 18, 24, 30, 36, 48) from simple_channel.p04.hdf",
  "coupling_mode": 0,
  "time_checkpoints_hr": [
    0.0,
    6.0,
    12.0,
    18.0,
    24.0,
    30.0,
    36.0,
    48.0
  ],
  "checkpoints": [
    {
      "rm": 3.0,
      "max_wsel_ft": 101.94825744628906,
      "wsel_ft_by_hour": {
        "0": 101.9500503540039,
        "6": 102.46636962890625,
        "12": 102.90396881103516,
        "18": 102.9073257446289,
        "24": 102.9073257446289,
        "30": 102.47382354736328,
        "36": 101.9539566040039,
        "48": 101.94825744628906
      }
    },
    {
      "rm": 2.0,
      "max_wsel_ft": 101.44825744628906,
      "wsel_ft_by_hour": {
        "0": 101.44998931884766,
        "6": 101.96395111083984,
        "12": 102.40213775634766,
        "18": 102.4073257446289,
        "24": 102.4073257446289,
        "30": 101.97607421875,
        "36": 101.4571762084961,
        "48": 101.44825744628906
      }
    },
    {
      "rm": 1.0,
      "max_wsel_ft": 100.94825744628906,
      "wsel_ft_by_hour": {
        "0": 100.95001983642578,
        "6": 101.46209716796875,
        "12": 101.90079498291016,
        "18": 101.9073257446289,
        "24": 101.9073257446289,
        "30": 101.47779846191406,
        "36": 100.95980072021484,
        "48": 100.94825744628906
      }
    },
    {
      "rm": 0.0,
      "max_wsel_ft": 100.4482650756836,
      "wsel_ft_by_hour": {
        "0": 100.44956970214844,
        "6": 100.96151733398438,
        "12": 101.40040588378906,
        "18": 101.4073257446289,
        "24": 101.4073257446289,
        "30": 100.97835540771484,
        "36": 100.46078491210938,
        "48": 100.4482650756836
      }
    }
  ],
  "hdf_path": "verification/oracle/projects/simple_channel/simple_channel.p04.hdf"
}
