{
  "source": "HEC-RAS p08 HDF (ConSpan.p08.hdf)",
  "coupling_mode": 0,
  "time_checkpoints_hr": [
    0.0,
    8.0,
    24.0,
    32.0,
    40.0,
    48.0
  ],
  "checkpoints": [
    {
      "rm": 20.535,
      "max_wsel_ft": 33.77273178100586,
      "wsel_ft_by_hour": {
        "0": 32.22419357299805,
        "8": 32.215816497802734,
        "24": 33.059478759765625,
        "32": 33.61337661743164,
        "40": 33.77273178100586,
        "48": 33.77273178100586
      }
    },
    {
      "rm": 20.238,
      "max_wsel_ft": 33.01864242553711,
      "wsel_ft_by_hour": {
        "0": 31.47174072265625,
        "8": 31.47394371032715,
        "24": 32.25041198730469,
        "32": 32.84128952026367,
        "40": 33.018646240234375,
        "48": 33.01864242553711
      }
    },
    {
      "rm": 20.227,
      "max_wsel_ft": 31.649240493774414,
      "wsel_ft_by_hour": {
        "0": 31.038284301757812,
        "8": 31.017541885375977,
        "24": 31.36189079284668,
        "32": 31.584228515625,
        "40": 31.649240493774414,
        "48": 31.649240493774414
      }
    },
    {
      "rm": 20.095,
      "max_wsel_ft": 30.998247146606445,
      "wsel_ft_by_hour": {
        "0": 30.699554443359375,
        "8": 30.69701385498047,
        "24": 30.849985122680664,
        "32": 30.962753295898438,
        "40": 30.998245239257812,
        "48": 30.998247146606445
      }
    }
  ],
  "hdf_path": "verification/oracle/projects/conspan/ConSpan.p08.hdf",
  "dt_seconds": 900.0
}
