{
  "source": "HEC-RAS plan 03 terminal WSEL from ConSpan.p03.hdf",
  "coupling_mode": 0,
  "checkpoints": [
    {"rm": 20.238, "max_wsel_ft": 33.01864242553711},
    {"rm": 20.227, "max_wsel_ft": 31.649240493774414},
    {"rm": 20.208, "max_wsel_ft": 31.59070587158203},
    {"rm": 20.095, "max_wsel_ft": 30.998247146606445}
  ],
  "hdf_path": "/mnt/c/Users/jason/Documents/hecras_testing/ConSpan/ConSpan.p03.hdf"
}
