{
  "source": "STREAM-1D mode 0 terminal WSEL (wspro bridge mild pulse)",
  "case": "wspro",
  "coupling_mode": 0,
  "checkpoints": [
    {
      "rm": 52.0,
      "max_wsel_ft": 9.788804085911769
    },
    {
      "rm": 48.0,
      "max_wsel_ft": 9.763840425315058
    },
    {
      "rm": 25.0,
      "max_wsel_ft": 9.849736971477626
    },
    {
      "rm": 0.0,
      "max_wsel_ft": 9.842519685000001
    }
  ]
}
